<?xml version="1.0" encoding="UTF-8"?>
<build-type xmlns:xsi="http://www.w3.org/2001/XMLSchema-instance" uuid="634bbca2-9a97-471b-a86e-ad9eb9e3e1f3" xsi:noNamespaceSchemaLocation="http://www.jetbrains.com/teamcity/schemas/2017.2/project-config.xsd">
  <name>Build</name>
  <description />
  <settings>
    <parameters>
      <param name="DBPASSWORD" value="jqsTj85_Ju51JHh" />
      <param name="FrontEndRoot" value="%system.teamcity.build.checkoutDir%/ImageHunt" />
      <param name="GOOGLEAPI_CLIENT_SECRET" value="RcC6ZtSxXmpyt0W2rx_QwNoG" />
      <param name="GOOGLE_CLIENT_ID" value="663482349038-jregj38js8hr7fm104jpnoisrgegorh8.apps.googleusercontent.com" />
      <param name="GOOGLE_MAP_API_KEY" value="AIzaSyDUSbkcEn2M-0Ux5DwqUbxbpk03e3Bwcag" />
      <param name="TELEGRAM_APIKEY" value="479906653:AAEkArjcWzhMKbkltIvmVF8SnqJqD1fnlsU" />
    </parameters>
    <build-runners order="RUNNER_20, RUNNER_18, RUNNER_28, RUNNER_19, RUNNER_12, RUNNER_27, RUNNER_9, RUNNER_21, RUNNER_10, RUNNER_11, RUNNER_14, RUNNER_13">
      <runner id="RUNNER_20" name="Remove node_module" type="simpleRunner">
        <parameters>
          <param name="script.content" value="rm -rf %teamcity.build.workingDir%/ImageHunt/node_modules" />
          <param name="teamcity.step.mode" value="default" />
          <param name="use.custom.script" value="true" />
        </parameters>
      </runner>
      <runner id="RUNNER_18" name="Generate Appsettings.Production.json" type="Ant">
        <parameters>
          <param name="build-file-path" value="ImageHunt/build.xml" />
          <param name="runnerArgs" value="Appsettings -DINFILE=appsettings.template.json -DTOFILE=appsettings.Production.json -DDBPASSWORD=%DBPASSWORD% -DGOOGLEAPI_CLIENT_SECRET=%GOOGLEAPI_CLIENT_SECRET% -DGOOGLEAPI_CLIENT_ID=%GOOGLE_CLIENT_ID% -DTELEGRAM_APIKEY=%TELEGRAM_APIKEY%" />
          <param name="teamcity.coverage.emma.include.source" value="true" />
          <param name="teamcity.coverage.emma.instr.parameters" value="-ix -*Test*" />
          <param name="teamcity.coverage.idea.includePatterns" value="*" />
          <param name="teamcity.coverage.jacoco.patterns" value="+:*" />
          <param name="teamcity.step.mode" value="default" />
        </parameters>
      </runner>
      <runner id="RUNNER_28" name="Copy Appsettings.Production.json in telegram bot folder" type="simpleRunner">
        <parameters>
          <param name="script.content"><![CDATA[cp ImageHunt/appsettings.Production.json ImageHuntTelegramBot/appsettings.Production.json
cp ImageHunt/appsettings.Production.json ImageHuntTelegramBot/appsettings.Development.json]]></param>
          <param name="teamcity.step.mode" value="default" />
          <param name="use.custom.script" value="true" />
        </parameters>
      </runner>
      <runner id="RUNNER_19" name="Generate environment.prod.ts" type="Ant">
        <parameters>
          <param name="build-file-path" value="ImageHunt/build.xml" />
          <param name="runnerArgs"><![CDATA[Appsettings -DINFILE=src/environments/environment.template.ts -DTOFILE=src/environments/environment.prod.ts -DBPASSWORD=%DBPASSWORD% -DGOOGLEAPI_CLIENT_SECRET=%GOOGLEAPI_CLIENT_SECRET% -DGOOGLEAPI_CLIENT_ID=%GOOGLE_CLIENT_ID% -DTELEGRAM_APIKEY=%TELEGRAM_APIKEY%
-DGOOGLE_API_MAP_KEY=%GOOGLE_MAP_API_KEY%]]></param>
          <param name="teamcity.coverage.emma.include.source" value="true" />
          <param name="teamcity.coverage.emma.instr.parameters" value="-ix -*Test*" />
          <param name="teamcity.coverage.idea.includePatterns" value="*" />
          <param name="teamcity.coverage.jacoco.patterns" value="+:*" />
          <param name="teamcity.step.mode" value="default" />
        </parameters>
      </runner>
      <runner id="RUNNER_12" name="Build Backend" type="dotnet.cli">
        <parameters>
          <param name="command" value="build" />
          <param name="paths" value="ImageHunt/ImageHunt.csproj" />
          <param name="teamcity.step.mode" value="default" />
        </parameters>
      </runner>
      <runner id="RUNNER_27" name="Build Bot" type="dotnet.cli">
        <parameters>
          <param name="command" value="build" />
          <param name="dotNetCoverage.dotCover.home.path" value="%teamcity.tool.JetBrains.dotCover.CommandLineTools.DEFAULT%" />
          <param name="paths" value="ImageHuntTelegramBot/ImageHuntTelegramBot.csproj" />
          <param name="teamcity.step.mode" value="default" />
        </parameters>
      </runner>
      <runner id="RUNNER_9" name="Build Tests" type="dotnet.cli">
        <parameters>
          <param name="command" value="build" />
          <param name="dotNetCoverage.dotCover.home.path" value="%teamcity.tool.JetBrains.dotCover.CommandLineTools.DEFAULT%" />
          <param name="paths" value="ImageHuntTest/ImageHuntTest.csproj ImageHuntBotTest/ImageHuntBotTest.csproj" />
          <param name="teamcity.step.mode" value="default" />
        </parameters>
      </runner>
      <runner id="RUNNER_21" name="Update package" type="jonnyzzz.npm">
        <parameters>
          <param name="npm_commands" value="update" />
          <param name="npm_execution_args" value="--prefix %FrontEndRoot%" />
          <param name="teamcity.step.mode" value="default" />
        </parameters>
      </runner>
      <runner id="RUNNER_10" name="Install packages" type="jonnyzzz.npm">
        <parameters>
          <param name="npm_commands" value="install" />
          <param name="npm_execution_args" value="--prefix %FrontEndRoot%" />
          <param name="teamcity.step.mode" value="default" />
        </parameters>
      </runner>
      <runner id="RUNNER_11" name="Install Ng-cli" type="jonnyzzz.npm">
        <parameters>
          <param name="npm_commands" value="install --save-dev @angular/cli" />
          <param name="teamcity.step.mode" value="default" />
        </parameters>
      </runner>
      <runner id="RUNNER_14" name="Build frontend" type="jonnyzzz.npm">
        <parameters>
          <param name="npm_commands" value="run build -- --prod" />
          <param name="npm_execution_args" value="--prefix %FrontEndRoot%" />
          <param name="teamcity.step.mode" value="default" />
        </parameters>
      </runner>
      <runner id="RUNNER_13" name="Tests" type="dotnet.cli">
        <parameters>
          <param name="command" value="test" />
          <param name="dotNetCoverage.dotCover.home.path" value="%teamcity.tool.JetBrains.dotCover.CommandLineTools.DEFAULT%" />
          <param name="paths" value="ImageHuntTest/ImageHuntTest.csproj ImageHuntBotTest/ImageHuntBotTest.csproj" />
          <param name="teamcity.step.mode" value="default" />
        </parameters>
      </runner>
    </build-runners>
    <vcs-settings>
      <vcs-entry-ref root-id="ImageHunt_HttpsGithubComNimbusparisImageHuntRefsHeadsMaster" />
    </vcs-settings>
    <requirements />
    <build-triggers>
      <build-trigger id="vcsTrigger" type="vcsTrigger">
        <parameters>
          <param name="branchFilter" value="+:*" />
          <param name="enableQueueOptimization" value="true" />
          <param name="quietPeriodMode" value="DO_NOT_USE" />
        </parameters>
      </build-trigger>
    </build-triggers>
    <cleanup />
  </settings>
</build-type>

