<?xml version="1.0" encoding="UTF-8"?>
<build-type xmlns:xsi="http://www.w3.org/2001/XMLSchema-instance" uuid="1f7b51d2-8896-4a88-a875-be0d685353b9" paused="true" xsi:noNamespaceSchemaLocation="http://www.jetbrains.com/teamcity/schemas/2017.2/project-config.xsd">
  <name>Publish</name>
  <description>Publish ImageHunt in production</description>
  <settings>
    <disabled-settings>
      <setting-ref ref="RUNNER_16" />
    </disabled-settings>
    <parameters>
      <param name="DBPASSWORD" value="jqsTj85_Ju51JHh" />
      <param name="FrontEndRoot" value="%system.teamcity.build.checkoutDir%/ImageHunt" />
      <param name="GOOGLEAPI_CLIENT_SECRET" value="RcC6ZtSxXmpyt0W2rx_QwNoG" />
      <param name="GOOGLE_CLIENT_ID" value="663482349038-jregj38js8hr7fm104jpnoisrgegorh8.apps.googleusercontent.com" />
      <param name="GOOGLE_MAP_API_KEY" value="AIzaSyDUSbkcEn2M-0Ux5DwqUbxbpk03e3Bwcag" />
      <param name="ProductionPath" value="/home/christophe/ImageHunt" />
      <param name="TELEGRAM_APIKEY" value="479906653:AAEkArjcWzhMKbkltIvmVF8SnqJqD1fnlsU" />
    </parameters>
    <build-runners order="RUNNER_20, RUNNER_18, RUNNER_19, RUNNER_12, RUNNER_16, RUNNER_21, RUNNER_10, RUNNER_11, RUNNER_14, RUNNER_22, RUNNER_15, RUNNER_17, RUNNER_23">
      <runner id="RUNNER_20" name="Remove node_module" type="simpleRunner">
        <parameters>
          <param name="script.content" value="rm -rf %teamcity.build.workingDir%/ImageHunt/node_modules" />
          <param name="teamcity.step.mode" value="default" />
          <param name="use.custom.script" value="true" />
        </parameters>
      </runner>
      <runner id="RUNNER_18" name="Generate Appsettings.Production.json" type="Ant">
        <parameters>
          <param name="build-file-path" value="ImageHunt/build.xml" />
          <param name="runnerArgs" value="Appsettings -DINFILE=appsettings.template.json -DTOFILE=appsettings.Production.json -DDBPASSWORD=%DBPASSWORD% -DGOOGLEAPI_CLIENT_SECRET=%GOOGLEAPI_CLIENT_SECRET% -DGOOGLEAPI_CLIENT_ID=%GOOGLE_CLIENT_ID% -DTELEGRAM_APIKEY=%TELEGRAM_APIKEY%" />
          <param name="teamcity.coverage.emma.include.source" value="true" />
          <param name="teamcity.coverage.emma.instr.parameters" value="-ix -*Test*" />
          <param name="teamcity.coverage.idea.includePatterns" value="*" />
          <param name="teamcity.coverage.jacoco.patterns" value="+:*" />
          <param name="teamcity.step.mode" value="default" />
        </parameters>
      </runner>
      <runner id="RUNNER_19" name="Generate environment.prod.ts" type="Ant">
        <parameters>
          <param name="build-file-path" value="ImageHunt/build.xml" />
          <param name="runnerArgs"><![CDATA[Appsettings -DINFILE=src/environments/environment.template.ts -DTOFILE=src/environments/environment.prod.ts -DBPASSWORD=%DBPASSWORD% -DGOOGLEAPI_CLIENT_SECRET=%GOOGLEAPI_CLIENT_SECRET% -DGOOGLEAPI_CLIENT_ID=%GOOGLE_CLIENT_ID% -DTELEGRAM_APIKEY=%TELEGRAM_APIKEY%
-DGOOGLE_API_MAP_KEY=%GOOGLE_MAP_API_KEY%]]></param>
          <param name="teamcity.coverage.emma.include.source" value="true" />
          <param name="teamcity.coverage.emma.instr.parameters" value="-ix -*Test*" />
          <param name="teamcity.coverage.idea.includePatterns" value="*" />
          <param name="teamcity.coverage.jacoco.patterns" value="+:*" />
          <param name="teamcity.step.mode" value="default" />
        </parameters>
      </runner>
      <runner id="RUNNER_12" name="Build Backend" type="dotnet.cli">
        <parameters>
          <param name="command" value="build" />
          <param name="paths" value="ImageHunt/ImageHunt.csproj" />
          <param name="teamcity.step.mode" value="default" />
        </parameters>
      </runner>
      <runner id="RUNNER_16" name="Install node-saas" type="jonnyzzz.npm">
        <parameters>
          <param name="npm_commands" value="install --save-dev node-saas" />
          <param name="teamcity.step.mode" value="default" />
        </parameters>
      </runner>
      <runner id="RUNNER_21" name="Update package" type="jonnyzzz.npm">
        <parameters>
          <param name="npm_commands" value="update" />
          <param name="npm_execution_args" value="--prefix %FrontEndRoot%" />
          <param name="teamcity.step.mode" value="default" />
        </parameters>
      </runner>
      <runner id="RUNNER_10" name="Install packages" type="jonnyzzz.npm">
        <parameters>
          <param name="npm_commands" value="install" />
          <param name="npm_execution_args" value="--prefix %FrontEndRoot%" />
          <param name="teamcity.step.mode" value="default" />
        </parameters>
      </runner>
      <runner id="RUNNER_11" name="Install Ng-cli" type="jonnyzzz.npm">
        <parameters>
          <param name="npm_commands" value="install --save-dev @angular/cli@latest" />
          <param name="teamcity.step.mode" value="default" />
        </parameters>
      </runner>
      <runner id="RUNNER_14" name="Build frontend" type="jonnyzzz.npm">
        <parameters>
          <param name="npm_commands" value="run build -- --prod" />
          <param name="npm_execution_args" value="--prefix %FrontEndRoot%" />
          <param name="teamcity.step.mode" value="default" />
        </parameters>
      </runner>
      <runner id="RUNNER_22" name="Stop server" type="simpleRunner">
        <parameters>
          <param name="script.content" value="systemctl stop kestrel-ImageHunt.service" />
          <param name="teamcity.step.mode" value="default" />
          <param name="use.custom.script" value="true" />
        </parameters>
      </runner>
      <runner id="RUNNER_15" name="Publish backend" type="dotnet.cli">
        <parameters>
          <param name="command" value="publish" />
          <param name="dotNetCoverage.dotCover.home.path" value="%teamcity.tool.JetBrains.dotCover.CommandLineTools.DEFAULT%" />
          <param name="outputDir" value="%ProductionPath%" />
          <param name="paths" value="ImageHunt/ImageHunt.csproj" />
          <param name="teamcity.step.mode" value="default" />
        </parameters>
      </runner>
      <runner id="RUNNER_17" name="Publish Front-end" type="simpleRunner">
        <parameters>
          <param name="script.content" value="cp -R ./wwwroot /home/christophe/ImageHunt/wwwroot/" />
          <param name="teamcity.build.workingDir" value="ImageHunt" />
          <param name="teamcity.step.mode" value="default" />
          <param name="use.custom.script" value="true" />
        </parameters>
      </runner>
      <runner id="RUNNER_23" name="Start server" type="simpleRunner">
        <parameters>
          <param name="script.content" value="systemctl start kestrel-ImageHunt.service" />
          <param name="teamcity.step.mode" value="default" />
          <param name="use.custom.script" value="true" />
        </parameters>
      </runner>
    </build-runners>
    <vcs-settings>
      <vcs-entry-ref root-id="ImageHunt_HttpsGithubComNimbusparisImageHuntRefsHeadsMaster" />
    </vcs-settings>
    <requirements />
    <build-triggers />
    <cleanup />
  </settings>
</build-type>

