<?xml version="1.0" encoding="UTF-8"?>
<build-type xmlns:xsi="http://www.w3.org/2001/XMLSchema-instance" uuid="dd336bb0-f5cf-4576-a4f0-d9f32da32a1f" xsi:noNamespaceSchemaLocation="http://www.jetbrains.com/teamcity/schemas/2017.2/project-config.xsd">
  <name>Merge Pull Request</name>
  <description>Merge Pull Request in master if build is green</description>
  <settings>
    <options>
      <option name="maximumNumberOfBuilds" value="1" />
    </options>
    <parameters>
      <param name="env.branch" value="%teamcity.build.branch%" />
    </parameters>
    <build-runners>
      <runner id="RUNNER_24" name="Merge PR" type="simpleRunner">
        <parameters>
          <param name="script.content" value="debitoor.sh" />
          <param name="teamcity.step.mode" value="default" />
          <param name="use.custom.script" value="true" />
        </parameters>
      </runner>
    </build-runners>
    <vcs-settings>
      <vcs-entry-ref root-id="ImageHunt_HttpsGithubComNimbusparisImageHuntRefsHeadsMaster1" />
    </vcs-settings>
    <requirements />
    <build-triggers>
      <build-trigger id="vcsTrigger" type="vcsTrigger">
        <parameters>
          <param name="branchFilter" value="+:*" />
          <param name="enableQueueOptimization" value="true" />
          <param name="quietPeriodMode" value="DO_NOT_USE" />
        </parameters>
      </build-trigger>
    </build-triggers>
    <cleanup />
  </settings>
</build-type>

