<?xml version="1.0" encoding="UTF-8"?>
<vcs-root xmlns:xsi="http://www.w3.org/2001/XMLSchema-instance" uuid="fd6b71e0-92ed-4d97-9fdf-2a338a991a92" type="jetbrains.git" xsi:noNamespaceSchemaLocation="http://www.jetbrains.com/teamcity/schemas/2017.2/project-config.xsd">
  <name>https://github.com/nimbusparis/ImageHunt#refs/heads/master (1)</name>
  <param name="agentCleanFilesPolicy" value="ALL_UNTRACKED" />
  <param name="agentCleanPolicy" value="ON_BRANCH_CHANGE" />
  <param name="authMethod" value="PASSWORD" />
  <param name="branch" value="refs/heads/master" />
  <param name="ignoreKnownHosts" value="true" />
  <param name="secure:password" value="zxx9a36ef37ddbf9a4deb975742b2860f631a303daca41d4c3047d4db392663b069b0facb87fdf16219775d03cbe80d301b" />
  <param name="submoduleCheckout" value="CHECKOUT" />
  <param name="teamcity:branchSpec" value="+:refs/heads/ready/*" />
  <param name="url" value="https://github.com/nimbusparis/ImageHunt" />
  <param name="useAlternates" value="true" />
  <param name="username" value="nimbusparis" />
  <param name="usernameStyle" value="USERID" />
</vcs-root>

