<?xml version="1.0" encoding="UTF-8"?>
<vcs-root xmlns:xsi="http://www.w3.org/2001/XMLSchema-instance" uuid="50ad4c7a-e91d-458c-8a2c-cd80ba569034" type="jetbrains.git" xsi:noNamespaceSchemaLocation="http://www.jetbrains.com/teamcity/schemas/2017.2/project-config.xsd">
  <name>https://github.com/nimbusparis/ImageHunt#PullRequest</name>
  <param name="agentCleanFilesPolicy" value="ALL_UNTRACKED" />
  <param name="agentCleanPolicy" value="ON_BRANCH_CHANGE" />
  <param name="authMethod" value="PASSWORD" />
  <param name="branch" value="refs/heads/master" />
  <param name="ignoreKnownHosts" value="true" />
  <param name="secure:password" value="zxx9a36ef37ddbf9a4deb975742b2860f631a303daca41d4c3047d4db392663b069b0facb87fdf16219775d03cbe80d301b" />
  <param name="submoduleCheckout" value="CHECKOUT" />
  <param name="teamcity:branchSpec" value="+:refs/pull/(*)/head" />
  <param name="url" value="https://github.com/nimbusparis/ImageHunt" />
  <param name="useAlternates" value="true" />
  <param name="username" value="nimbusparis" />
  <param name="usernameStyle" value="USERID" />
</vcs-root>

